<?xml version="1.0" encoding="utf-8"?>
<openerp>
    <data>

        <record id="payslip_input_bonus" model="hr.payslip.input.category">
            <field name="name">Bonus</field>
            <field name="salary_rule_ids" eval="[(6, 0, [ref('rule_ca_bonus')])]"/>
        </record>

        <record id="payslip_input_retro_pay" model="hr.payslip.input.category">
            <field name="name">Retroactive Pay Increases</field>
            <field name="salary_rule_ids" eval="[(6, 0, [ref('rule_ca_retro_pay')])]"/>
        </record>

        <record id="payslip_input_unused_vac" model="hr.payslip.input.category">
            <field name="name">Unused Vacations</field>
            <field name="salary_rule_ids" eval="[(6, 0, [ref('rule_ca_unused_vac_taken')])]"/>
        </record>

        <record id="payslip_input_unused_comp" model="hr.payslip.input.category">
            <field name="name">Unused Compensatory days</field>
            <field name="salary_rule_ids" eval="[(6, 0, [ref('rule_ca_unused_comp_taken')])]"/>
        </record>

        <record id="payslip_input_unused_sl" model="hr.payslip.input.category">
            <field name="name">Unused Sick Leaves</field>
            <field name="salary_rule_ids" eval="[(6, 0, [ref('rule_ca_unused_sl_taken_cash')])]"/>
        </record>

    </data>
</openerp>
