<?xml version="1.0" encoding="utf-8"?>
<openerp>
    <data>

        <record id="rule_ca_cpp_ee_maxie" model="hr.salary.rule">
            <field name="name">CPP - Employee - Maximum Insurable Earnings</field>
            <field name="sequence" eval="130"/>
            <field name="code">CPP_EE_MAXIE</field>
            <field name="category_id" ref="PCALC"/>
            <field name="appears_on_payslip" eval="0"/>
            <field name="active" eval="1"/>
            <field name="condition_select">none</field>
            <field name="exemption_id" ref="cpp_exempt"/>
            <field name="amount_python_compute">
max_annual = rule.variable(payslip.date_payment)['max_annual']

benefits = rule.sum_benefits(payslip, employer=True)

previous_ie_ytd = payslip.ytd_amount('CPP_EE_MAXIE')

result = benefits + GROSSP + OTHER_WAGE
result = min(max_annual - previous_ie_ytd, result)

result = max(result, 0)
            </field>
        </record>

        <record id="rule_ca_cpp_ee_c" model="hr.salary.rule">
            <field name="name">CPP - Employee Contribution</field>
            <field name="sequence" eval="132"/>
            <field name="code">CPP_EE_C</field>
            <field name="category_id" ref="SDED"/>
            <field name="appears_on_payslip" eval="1"/>
            <field name="active" eval="1"/>
            <field name="condition_select">none</field>
            <field name="exemption_id" ref="cpp_exempt"/>
            <field name="register_id" ref="register_cra"/>
            <field name="amount_python_compute">
variable = rule.variable(payslip.date_payment)

previous_ytd = payslip.ytd_amount('CPP_EE_C')

result = variable['rate'] * (CPP_EE_MAXIE - variable['basic_exempt'] / P)
result = min(result, variable['max_annual'] - previous_ytd)
result = max(result, 0)
            </field>
        </record>

        <record id="rule_ca_cpp_er_c" model="hr.salary.rule">
            <field name="name">CPP - Employer Contribution</field>
            <field name="sequence" eval="137"/>
            <field name="code">CPP_ER_C</field>
            <field name="category_id" ref="EMP"/>
            <field name="appears_on_payslip" eval="0"/>
            <field name="active" eval="1"/>
            <field name="condition_select">none</field>
            <field name="exemption_id" ref="cpp_exempt"/>
            <field name="register_id" ref="register_cra"/>
            <field name="amount_python_compute">
result = CPP_EE_C
            </field>
        </record>

    </data>
</openerp>