<?xml version="1.0" encoding="utf-8"?>
<openerp>
    <data>

        <record id="rule_ca_ei_ee_maxie" model="hr.salary.rule">
            <field name="name">EI - Employee - Maximum Insurable Earnings</field>
            <field name="sequence" eval="140"/>
            <field name="code">EI_EE_MAXIE</field>
            <field name="category_id" ref="FCALC"/>
            <field name="appears_on_payslip" eval="0"/>
            <field name="active" eval="1"/>
            <field name="condition_select">none</field>
            <field name="exemption_id" ref="ei_exempt"/>
            <field name="amount_python_compute">
max_annual = rule.variable(payslip.date_payment)['max_annual']

benefits = rule.sum_benefits(payslip, employer=True)

previous_ie_ytd = payslip.ytd_amount('EI_EE_MAXIE')

result = benefits + GROSSP + OTHER_WAGE
result = min(max_annual - previous_ie_ytd, result)

result = max(result, 0)
            </field>
        </record>

        <record id="rule_ca_ei_ee_c" model="hr.salary.rule">
            <field name="name">EI - Employee Contribution</field>
            <field name="sequence" eval="142"/>
            <field name="code">EI_EE_C</field>
            <field name="category_id" ref="SDED"/>
            <field name="appears_on_payslip" eval="1"/>
            <field name="active" eval="1"/>
            <field name="condition_select">none</field> 
            <field name="exemption_id" ref="ei_exempt"/>
            <field name="register_id" ref="register_cra"/>
            <field name="amount_python_compute">
variable = rule.variable(payslip.date_payment)

previous_ytd = payslip.ytd_amount('EI_EE_C')

result = variable['rate'] * EI_EE_MAXIE
result = min(result, variable['max_annual'] - previous_ytd)
result = max(result, 0)
            </field>
        </record>

        <record id="rule_ca_ei_er_c" model="hr.salary.rule">
            <field name="name">EI - Employer Contribution</field>
            <field name="sequence" eval="147"/>
            <field name="code">EI_ER_C</field>
            <field name="category_id" ref="EMP"/>
            <field name="appears_on_payslip" eval="0"/>
            <field name="active" eval="1"/>
            <field name="condition_select">none</field> 
            <field name="exemption_id" ref="ei_exempt"/>
            <field name="register_id" ref="register_cra"/>
            <field name="amount_python_compute">
previous_ytd = payslip.ytd_amount('EI_ER_C')

variable = rule.variable(payslip.date_payment)
ratio = variable['contribution_ratio']
max_annual = variable['max_annual']

result = EI_EE_C * ratio
result = min(result, max_annual - previous_ytd)
result = max(result, 0)
            </field>
        </record>

    </data>
</openerp>