id,name,model_id:id,group_id:id,perm_read,perm_write,perm_create,perm_unlink
access_hr_deduction_category,access_hr_deduction_category,model_hr_deduction_category,base.group_hr_manager,1,1,1,1
access_hr_employee_deduction,access_hr_employee_deduction,model_hr_employee_deduction,base.group_hr_manager,1,1,1,1
access_hr_deduction_jurisdiction,access_hr_deduction_jurisdiction,model_hr_deduction_jurisdiction,base.group_hr_manager,1,1,1,1
access_hr_payslip_deduction_line,access_hr_payslip_deduction_line,model_hr_payslip_deduction_line,base.group_hr_manager,1,1,1,1

access_hr_deduction_category_base,access_hr_deduction_category,model_hr_deduction_category,base.group_user,1,0,0,0
access_hr_deduction_jurisdiction_base,access_hr_deduction_jurisdiction,model_hr_deduction_jurisdiction,base.group_user,1,0,0,0
access_hr_payslip_deduction_line_base,access_hr_payslip_deduction_line,model_hr_payslip_deduction_line,base.group_user,1,0,0,0
