<?xml version="1.0" encoding="utf-8"?>
<openerp>
    <data>

        <record id="rule_employee_own_releve_1"  model="ir.rule">
            <field name="name">Access Employee own Relevé 1</field>
            <field name="model_id" ref="model_hr_releve_1"/>
            <field name="domain_force">[
                ('employee_id', 'in', user.employee_ids.ids),
                ('state', '=', 'sent'),
            ]
            </field>
            <field name="groups" eval="[(4,ref('base.group_user'))]"/>
        </record>

        <record id="rule_manager_releve_1"  model="ir.rule">
            <field name="name">Access Manager Relevé 1</field>
            <field name="model_id" ref="model_hr_releve_1"/>
            <field name="domain_force">[]</field>
            <field name="groups" eval="[(4,ref('base.group_hr_manager'))]"/>
        </record>

    </data>
</openerp>
