<?xml version="1.0" encoding="utf-8"?>
<openerp>
    <data>
        <!-- QUEBEC PENSION PLAN -->
        <!-- QPP - Employee Contribution (QPP_EE_C) -->
        <record id="rule_qc_qpp_ee_c_2016" model="hr.salary.rule.variable">
            <field name="salary_rule_id" ref="rule_qc_qpp_ee_c"/>
            <field name="date_from">2016-01-01</field>
            <field name="date_to">2016-12-31</field>
            <field name="variable_type">python</field>
            <field name="fixed_amount"></field>
            <field name="python_code">{'rate': 0.05325, 'max_annual': 2737.05, 'basic_exempt': 3500}</field>
        </record>
        <!-- QPP - Employee Contribution (QPP_EE_C) -->
        <record id="rule_qc_qpp_ee_maxie_2016" model="hr.salary.rule.variable">
            <field name="salary_rule_id" ref="rule_qc_qpp_ee_maxie"/>
            <field name="date_from">2016-01-01</field>
            <field name="date_to">2016-12-31</field>
            <field name="variable_type">python</field>
            <field name="fixed_amount"></field>
            <field name="python_code">{'max_annual': 54900}</field>
        </record>

        <!-- QUEBEC PARENTAL INSURANCE PLAN -->
        <!-- QPIP - Employee - Maximum annual QPIP premium (PPIP_EE_M) -->
        <record id="rule_qc_ppip_ee_maxie_2016" model="hr.salary.rule.variable">
            <field name="salary_rule_id" ref="rule_qc_ppip_ee_maxie"/>
            <field name="date_from">2016-01-01</field>
            <field name="date_to">2016-12-31</field>
            <field name="variable_type">python</field>
            <field name="fixed_amount"></field>
            <field name="python_code">{'max_annual': 71500}</field>
        </record>
        <!-- QPIP - Employee Contribution (PPIP_EE_C) -->
        <record id="rule_qc_ppip_ee_c_2016" model="hr.salary.rule.variable">
            <field name="salary_rule_id" ref="rule_qc_ppip_ee_c"/>
            <field name="date_from">2016-01-01</field>
            <field name="date_to">2016-12-31</field>
            <field name="variable_type">python</field>
            <field name="fixed_amount"></field>
            <field name="python_code">{'rate': 0.00548, 'max_annual': 391.82}</field>
        </record>
        <!-- QPIP - Employer Contribution (PPIP_ER_C) -->
        <record id="rule_qc_ppip_er_c_2016" model="hr.salary.rule.variable">
            <field name="salary_rule_id" ref="rule_qc_ppip_er_c"/>
            <field name="date_from">2016-01-01</field>
            <field name="date_to">2016-12-31</field>
            <field name="variable_type">python</field>
            <field name="fixed_amount"></field>
            <field name="python_code">{'rate': 0.00767, 'max_annual': 548.41}</field>
        </record>


        <!-- QUEBEC INCOME TAX -->
        <!-- QIT - Deduction for employment income (QIT_H) -->
        <record id="rule_qc_qit_h_2016" model="hr.salary.rule.variable">
            <field name="salary_rule_id" ref="rule_qc_qit_h"/>
            <field name="date_from">2016-01-01</field>
            <field name="date_to">2016-12-31</field>
            <field name="variable_type">python</field>
            <field name="fixed_amount"></field>
            <field name="python_code">{'rate': 0.06, 'max_annual': 1130}</field>
        </record>
        <!-- QIT - Personal Tax Credit (QIT_E) -->
        <record id="rule_qc_qit_e_2016" model="hr.salary.rule.variable">
            <field name="salary_rule_id" ref="rule_qc_qit_e"/>
            <field name="date_from">2016-01-01</field>
            <field name="date_to">2016-12-31</field>
            <field name="variable_type">python</field>
            <field name="fixed_amount"></field>
            <field name="python_code">{'default_amount': 11425}</field>
        </record>

        <!-- QIT - Health contribution based on estimated annual net income (QIT_Z) -->
        <record id="rule_qc_qit_z_2016" model="hr.salary.rule.variable">
            <field name="salary_rule_id" ref="rule_qc_qit_z"/>
            <field name="date_from">2016-01-01</field>
            <field name="date_to">2016-12-31</field>
            <field name="variable_type">python</field>
            <field name="fixed_amount"></field>
            <field name="python_code">
{
    'brackets': [
        {'min': 0, 'max': 18570, 'Z': 0},
        {'min': 18570, 'max': 41265, 'Z': min(100.0, 0.05 * (QIT_R - 18570))},
        {'min': 41265, 'max': 134095, 'Z': min(200.0, 100 + 0.05 * (QIT_R - 41265))},
        {'min': 134095, 'max': 10**15, 'Z': min(1000.0, 200 + 0.04 * (QIT_R - 134095))}
    ]
}
            </field>
        </record>
        <record id="rule_qc_qit_z_other_wage_2016" model="hr.salary.rule.variable">
            <field name="salary_rule_id" ref="rule_qc_qit_z_other_wage"/>
            <field name="date_from">2016-01-01</field>
            <field name="date_to">2016-12-31</field>
            <field name="variable_type">python</field>
            <field name="fixed_amount"></field>
            <field name="python_code">
{
    'brackets': [
        {'min': 0, 'max': 18570, 'Z': 0},
        {'min': 18570, 'max': 41265, 'Z': min(100.0, 0.05 * (QIT_R - 18570))},
        {'min': 41265, 'max': 134095, 'Z': min(200.0, 100 + 0.05 * (QIT_R - 41265))},
        {'min': 134095, 'max': 10**15, 'Z': min(1000.0, 200 + 0.04 * (QIT_R - 134095))}
    ]
}
            </field>
        </record>

        <!-- QIT - Quebec Income tax for the year (QIT_Y) -->
        <record id="rule_qc_qit_y_2016" model="hr.salary.rule.variable">
            <field name="salary_rule_id" ref="rule_qc_qit_y"/>
            <field name="date_from">2016-01-01</field>
            <field name="date_to">2016-12-31</field>
            <field name="variable_type">python</field>
            <field name="fixed_amount"></field>
            <field name="python_code">
{
    'brackets': [
        {'min': 0, 'max': 42390, 'T': 0.16, 'K': 0},
        {'min': 42390, 'max': 84780, 'T': 0.20, 'K': 1695},
        {'min': 84780, 'max': 103150, 'T': 0.24, 'K': 5086},
        {'min': 103150, 'max': 10**15, 'T': 0.2575, 'K': 6891}
    ],
    'rates': {
        'K1': 0.15,
        'Q': 0.15,
        'Q1': 0.15,
        'E': 0.20,
    }
}
            </field>
        </record>

        <!-- QIT - Quebec Income tax for the pay period (QIT_A) -->
        <record id="rule_qc_qit_a_2016" model="hr.salary.rule.variable">
            <field name="salary_rule_id" ref="rule_qc_qit_a"/>
            <field name="date_from">2016-01-01</field>
            <field name="date_to">2016-12-31</field>
            <field name="variable_type">python</field>
            <field name="fixed_amount"></field>
            <field name="python_code">
{
    'brackets': [
        {'min': 0, 'max': 41935, 'T': 0.16, 'K': 0},
        {'min': 41935, 'max': 83865, 'T': 0.20, 'K': 1677},
        {'min': 83865, 'max': 102040, 'T': 0.24, 'K': 5032},
        {'min': 102040, 'max': 10**15, 'T': 0.2575, 'K': 6817}
    ],
}
            </field>
        </record>

        <!-- FEDERAL INCOME TAX -->
        <!-- FIT - Federal income tax (FIT_T1) -->
        <record id="rule_qc_fit_t1_2016" model="hr.salary.rule.variable">
            <field name="salary_rule_id" ref="rule_qc_fit_t1"/>
            <field name="date_from">2016-01-01</field>
            <field name="date_to">2016-12-31</field>
            <field name="variable_type">python</field>
            <field name="fixed_amount"></field>
            <field name="python_code">{'abatement': 0.165}</field>
        </record>

        <record id="rule_qc_fit_k2q_2016" model="hr.salary.rule.variable">
            <field name="salary_rule_id" ref="rule_qc_fit_k2q"/>
            <field name="date_from">2016-01-01</field>
            <field name="date_to">2016-12-31</field>
            <field name="variable_type">python</field>
            <field name="fixed_amount"></field>
            <field name="python_code">{'max_deductions': {'EI': 772.16, 'PPIP': 391.82, 'QPP': 2737.05}}</field>
        </record>

        <!-- EMPLOYMENT INSURANCE -->
        <!-- EI - Insurable earnings in Quebec (EI_EE_MAXIE) -->
        <record id="rule_qc_ei_ee_maxie_q_2016" model="hr.salary.rule.variable">
            <field name="salary_rule_id" ref="rule_qc_ei_ee_maxie_q"/>
            <field name="date_from">2016-01-01</field>
            <field name="date_to">2016-12-31</field>
            <field name="variable_type">python</field>
            <field name="fixed_amount"></field>
            <field name="python_code">{'max_annual': 50800}</field>
        </record>
        <!-- EI - Employee Contribution (EI_EE_C) -->
        <record id="rule_qc_ei_ee_c_2016" model="hr.salary.rule.variable">
            <field name="salary_rule_id" ref="rule_qc_ei_ee_c"/>
            <field name="date_from">2016-01-01</field>
            <field name="date_to">2016-12-31</field>
            <field name="variable_type">python</field>
            <field name="fixed_amount"></field>
            <field name="python_code">{'rate': 0.0152, 'max_annual': 772.16}</field>
        </record>
        <!-- EI - Employer Contribution (EI_ER_C) -->
        <record id="rule_qc_ei_er_c_2016" model="hr.salary.rule.variable">
            <field name="salary_rule_id" ref="rule_qc_ei_er_c"/>
            <field name="date_from">2016-01-01</field>
            <field name="date_to">2016-12-31</field>
            <field name="variable_type">python</field>
            <field name="fixed_amount"></field>
            <field name="python_code">{'contribution_ratio': 1.4, 'max_annual': 1081.02}</field>
        </record>

        <!-- CNT -->
        <record id="rule_qc_cnt_ee_s_2016" model="hr.salary.rule.variable">
            <field name="salary_rule_id" ref="rule_qc_cnt_ee_s"/>
            <field name="date_from">2016-01-01</field>
            <field name="date_to">2016-12-31</field>
            <field name="variable_type">python</field>
            <field name="fixed_amount"></field>
            <field name="python_code">{'max_annual': 70000}</field>
        </record>

    </data>
</openerp>