id,name,model_id:id,group_id:id,perm_read,perm_write,perm_create,perm_unlink
access_hr_employee_benefit_category,access_hr_employee_benefit_category,model_hr_employee_benefit_category,base.group_hr_manager,1,1,1,1
access_hr_employee_benefit,access_hr_employee_benefit,model_hr_employee_benefit,base.group_hr_manager,1,1,1,1
access_hr_employee_benefit_rate,access_hr_employee_benefit_rate,model_hr_employee_benefit_rate,base.group_hr_manager,1,1,1,1
access_hr_employee_benefit_rate_line,access_hr_employee_benefit_rate_line,model_hr_employee_benefit_rate_line,base.group_hr_manager,1,1,1,1
access_hr_payslip_benefit_line,access_hr_payslip_benefit_line,model_hr_payslip_benefit_line,base.group_hr_manager,1,1,1,1
